Value,Description
BR00,WILLOW BROWNFIELD GENERAL
BT10,BT1 MULTI MOD
BT1A,BT1 GENERAL
BT1A-IW1,BT1 INJECTOR WELL (TYP. 40)
BT1A-PW1,BT1 PRODUCER WELL (TYP. 40)
BT1C,BT1C DOWNHOLE HEAT TRACING CABINETS PLATFORM
BT1C-01,BT1 DOWNHOLE HEAT TRACING CABINETS PLATFORM
BT1C-02,BT1 DOWNHOLE HEAT TRACING CABINETS PLATFORM
BT1C-03,BT1 DOWNHOLE HEAT TRACING CABINETS PLATFORM
BT1C-04,BT1 DOWNHOLE HEAT TRACING CABINETS PLATFORM
BT1C-05,BT1 DOWNHOLE HEAT TRACING CABINETS PLATFORM
BT1C-06,BT1 DOWNHOLE HEAT TRACING CABINETS PLATFORM
BT1C-07,BT1 DOWNHOLE HEAT TRACING CABINETS PLATFORM
BT1C-08,BT1 DOWNHOLE HEAT TRACING CABINETS PLATFORM
BT1C-09,BT1 DOWNHOLE HEAT TRACING CABINETS PLATFORM
BT1C-10,BT1 DOWNHOLE HEAT TRACING CABINETS PLATFORM
BT1C-11,BT1 DOWNHOLE HEAT TRACING CABINETS PLATFORM
BT1C-12,BT1 DOWNHOLE HEAT TRACING CABINETS PLATFORM
BT1C-13,BT1 DOWNHOLE HEAT TRACING CABINETS PLATFORM
BT1C-14,BT1 DOWNHOLE HEAT TRACING CABINETS PLATFORM
BT1C-15,BT1 DOWNHOLE HEAT TRACING CABINETS PLATFORM
BT1C-16,BT1 DOWNHOLE HEAT TRACING CABINETS PLATFORM
BT1C-17,BT1 DOWNHOLE HEAT TRACING CABINETS PLATFORM
BT1C-18,BT1 DOWNHOLE HEAT TRACING CABINETS PLATFORM
BT1C-19,BT1 DOWNHOLE HEAT TRACING CABINETS PLATFORM
BT1C-20,BT1 DOWNHOLE HEAT TRACING CABINETS PLATFORM
BT1H,BT1 TELECOM TOWER
BT1I,BT1 INTERCONNECTS
BT1M,BT1 DRILLSITE MODULE
BT1M-ST1,BT1 MANIFOLD MODULE - 1 STAIRTOWER 1
BT1M-ST2,BT1 MANIFOLD MODULE - 1 STAIRTOWER 2
BT1P,BT1 PIPERACKS
BT1P-01,BT1 PIPERACK MODULE 01
BT1P-02,BT1 PIPERACK MODULE 02
BT1P-03,BT1 PIPERACK MODULE 03
BT1P-04,BT1 PIPERACK MODULE 04
BT1P-05,BT1 PIPERACK MODULE 05
BT1P-06,BT1 PIPERACK MODULE 06
BT1P-07,BT1 PIPERACK MODULE 07
BT1P-08,BT1 PIPERACK MODULE 08
BT1S,BT1 WELLHEAD SHELTERS
BT1S-01,BT1 WELLHEAD SHELTERS 01
BT1S-02,BT1 WELLHEAD SHELTERS 02
BT1S-03,BT1 WELLHEAD SHELTERS 03
BT1S-04,BT1 WELLHEAD SHELTERS 04
BT1S-05,BT1 WELLHEAD SHELTERS 05
BT1S-06,BT1 WELLHEAD SHELTERS 06
BT1S-07,BT1 WELLHEAD SHELTERS 07
BT1S-08,BT1 WELLHEAD SHELTERS 08
BT1S-09,BT1 WELLHEAD SHELTERS 09
BT1S-10,BT1 WELLHEAD SHELTERS 10
BT1S-11,BT1 WELLHEAD SHELTERS 11
BT1S-12,BT1 WELLHEAD SHELTERS 12
BT1S-13,BT1 WELLHEAD SHELTERS 13
BT1S-14,BT1 WELLHEAD SHELTERS 14
BT1S-15,BT1 WELLHEAD SHELTERS 15
BT1S-16,BT1 WELLHEAD SHELTERS 16
BT1S-17,BT1 WELLHEAD SHELTERS 17
BT1S-18,BT1 WELLHEAD SHELTERS 18
BT1S-19,BT1 WELLHEAD SHELTERS 19
BT1S-20,BT1 WELLHEAD SHELTERS 20
BT1S-21,BT1 WELLHEAD SHELTERS 21
BT1S-22,BT1 WELLHEAD SHELTERS 22
BT1S-23,BT1 WELLHEAD SHELTERS 23
BT1S-24,BT1 WELLHEAD SHELTERS 24
BT1S-25,BT1 WELLHEAD SHELTERS 25
BT1S-26,BT1 WELLHEAD SHELTERS 26
BT1S-27,BT1 WELLHEAD SHELTERS 27
BT1S-28,BT1 WELLHEAD SHELTERS 28
BT1S-29,BT1 WELLHEAD SHELTERS 29
BT1S-30,BT1 WELLHEAD SHELTERS 30
BT1S-31,BT1 WELLHEAD SHELTERS 31
BT1S-32,BT1 WELLHEAD SHELTERS 32
BT1S-33,BT1 WELLHEAD SHELTERS 33
BT1S-34,BT1 WELLHEAD SHELTERS 34
BT1S-35,BT1 WELLHEAD SHELTERS 35
BT1S-36,BT1 WELLHEAD SHELTERS 36
BT1S-37,BT1 WELLHEAD SHELTERS 37
BT1S-38,BT1 WELLHEAD SHELTERS 38
BT1S-39,BT1 WELLHEAD SHELTERS 39
BT1S-40,BT1 WELLHEAD SHELTERS 40
BT1S-41,BT1 WELLHEAD SHELTERS 41
BT1S-42,BT1 WELLHEAD SHELTERS 42
BT1S-43,BT1 WELLHEAD SHELTERS 43
BT1S-44,BT1 WELLHEAD SHELTERS 44
BT1S-45,BT1 WELLHEAD SHELTERS 45
BT1S-46,BT1 WELLHEAD SHELTERS 46
BT1S-47,BT1 WELLHEAD SHELTERS 47
BT1S-48,BT1 WELLHEAD SHELTERS 48
BT1S-49,BT1 WELLHEAD SHELTERS 49
BT1S-50,BT1 WELLHEAD SHELTERS 50
BT1S-51,BT1 WELLHEAD SHELTERS 51
BT1S-52,BT1 WELLHEAD SHELTERS 52
BT1S-53,BT1 WELLHEAD SHELTERS 53
BT1S-54,BT1 WELLHEAD SHELTERS 54
BT1S-55,BT1 WELLHEAD SHELTERS 55
BT1S-56,BT1 WELLHEAD SHELTERS 56
BT1S-57,BT1 WELLHEAD SHELTERS 57
BT1S-58,BT1 WELLHEAD SHELTERS 58
BT1S-59,BT1 WELLHEAD SHELTERS 59
BT1S-60,BT1 WELLHEAD SHELTERS 60
BT1S-61,BT1 WELLHEAD SHELTERS 61
BT1S-62,BT1 WELLHEAD SHELTERS 62
BT1S-63,BT1 WELLHEAD SHELTERS 63
BT1S-64,BT1 WELLHEAD SHELTERS 64
BT1S-65,BT1 WELLHEAD SHELTERS 65
BT1S-66,BT1 WELLHEAD SHELTERS 66
BT1S-67,BT1 WELLHEAD SHELTERS 67
BT1S-68,BT1 WELLHEAD SHELTERS 68
BT1S-69,BT1 WELLHEAD SHELTERS 69
BT1S-70,BT1 WELLHEAD SHELTERS 70
BT1S-71,BT1 WELLHEAD SHELTERS 71
BT1S-72,BT1 WELLHEAD SHELTERS 72
BT1S-73,BT1 WELLHEAD SHELTERS 73
BT1S-74,BT1 WELLHEAD SHELTERS 74
BT1S-75,BT1 WELLHEAD SHELTERS 75
BT1S-76,BT1 WELLHEAD SHELTERS 76
BT1S-77,BT1 WELLHEAD SHELTERS 77
BT1S-78,BT1 WELLHEAD SHELTERS 78
BT1S-79,BT1 WELLHEAD SHELTERS 79
BT1S-80,BT1 WELLHEAD SHELTERS 80
BT1V,BT1 VALVE STATION
BT1W,BT1 WASHROOMS
BT1Y,BT1 TRUCK TRANSFER LOADING AREA
BT20,BT2 MULTI MOD
BT2A,BT2 GENERAL
BT2A-IW1,BT2 INJECTOR WELL (TYP. 29)
BT2A-PW1,BT2 PRODUCER WELL (TYP. 29)
BT2A-PW2,BT2 PRODUCER WELL (TYP. 2) - SPARK GAS
BT2C,BT2C DOWNHOLE HEAT TRACING CABINETS PLATFORM
BT2C-01,BT2 DOWNHOLE HEAT TRACING CABINETS PLATFORM
BT2C-02,BT2 DOWNHOLE HEAT TRACING CABINETS PLATFORM
BT2C-03,BT2 DOWNHOLE HEAT TRACING CABINETS PLATFORM
BT2C-04,BT2 DOWNHOLE HEAT TRACING CABINETS PLATFORM
BT2C-05,BT2 DOWNHOLE HEAT TRACING CABINETS PLATFORM
BT2C-06,BT2 DOWNHOLE HEAT TRACING CABINETS PLATFORM
BT2C-07,BT2 DOWNHOLE HEAT TRACING CABINETS PLATFORM
BT2C-08,BT2 DOWNHOLE HEAT TRACING CABINETS PLATFORM
BT2C-09,BT2 DOWNHOLE HEAT TRACING CABINETS PLATFORM
BT2C-10,BT2 DOWNHOLE HEAT TRACING CABINETS PLATFORM
BT2C-11,BT2 DOWNHOLE HEAT TRACING CABINETS PLATFORM
BT2C-12,BT2 DOWNHOLE HEAT TRACING CABINETS PLATFORM
BT2C-13,BT2 DOWNHOLE HEAT TRACING CABINETS PLATFORM
BT2C-14,BT2 DOWNHOLE HEAT TRACING CABINETS PLATFORM
BT2C-15,BT2 DOWNHOLE HEAT TRACING CABINET PLATFORM
BT2H,BT2 TELECOM TOWER
BT2I,BT2 INTERCONNECTS
BT2M,BT2 DRILLSITE MODULE
BT2M-ST1,BT2 MANIFOLD MODULE - 2 STAIRTOWER 1
BT2M-ST2,BT2 MANIFOLD MODULE - 2 STAIRTOWER 2
BT2P,BT2 PIPERACKS
BT2P-01,BT2 PIPERACK MODULE 01
BT2P-02,BT2 PIPERACK MODULE 02
BT2P-03,BT2 PIPERACK MODULE 03
BT2P-04,BT2 PIPERACK MODULE 04
BT2P-05,BT2 PIPERACK MODULE 05
BT2P-06,BT2 PIPERACK MODULE 06
BT2P-07,BT2 PIPERACK MODULE 07
BT2P-08,BT2 PIPERACK MODULE 08
BT2S,BT2 WELLHEAD SHELTERS
BT2S-01,BT2 WELLHEAD SHELTERS 01
BT2S-02,BT2 WELLHEAD SHELTERS 02
BT2S-03,BT2 WELLHEAD SHELTERS 03
BT2S-04,BT2 WELLHEAD SHELTERS 04
BT2S-05,BT2 WELLHEAD SHELTERS 05
BT2S-06,BT2 WELLHEAD SHELTERS 06
BT2S-07,BT2 WELLHEAD SHELTERS 07
BT2S-08,BT2 WELLHEAD SHELTERS 08
BT2S-09,BT2 WELLHEAD SHELTERS 09
BT2S-10,BT2 WELLHEAD SHELTERS 10
BT2S-11,BT2 WELLHEAD SHELTERS 11
BT2S-12,BT2 WELLHEAD SHELTERS 12
BT2S-13,BT2 WELLHEAD SHELTERS 13
BT2S-14,BT2 WELLHEAD SHELTERS 14
BT2S-15,BT2 WELLHEAD SHELTERS 15
BT2S-16,BT2 WELLHEAD SHELTERS 16
BT2S-17,BT2 WELLHEAD SHELTERS 17
BT2S-18,BT2 WELLHEAD SHELTERS 18
BT2S-19,BT2 WELLHEAD SHELTERS 19
BT2S-20,BT2 WELLHEAD SHELTERS 20
BT2S-21,BT2 WELLHEAD SHELTERS 21
BT2S-22,BT2 WELLHEAD SHELTERS 22
BT2S-23,BT2 WELLHEAD SHELTERS 23
BT2S-24,BT2 WELLHEAD SHELTERS 24
BT2S-25,BT2 WELLHEAD SHELTERS 25
BT2S-26,BT2 WELLHEAD SHELTERS 26
BT2S-27,BT2 WELLHEAD SHELTERS 27
BT2S-28,BT2 WELLHEAD SHELTERS 28
BT2S-29,BT2 WELLHEAD SHELTERS 29
BT2S-30,BT2 WELLHEAD SHELTERS 30
BT2S-31,BT2 WELLHEAD SHELTERS 31
BT2S-32,BT2 WELLHEAD SHELTERS 32
BT2S-33,BT2 WELLHEAD SHELTERS 33
BT2S-34,BT2 WELLHEAD SHELTERS 34
BT2S-35,BT2 WELLHEAD SHELTERS 35
BT2S-36,BT2 WELLHEAD SHELTERS 36
BT2S-37,BT2 WELLHEAD SHELTERS 37
BT2S-38,BT2 WELLHEAD SHELTERS 38
BT2S-39,BT2 WELLHEAD SHELTERS 39
BT2S-40,BT2 WELLHEAD SHELTERS 40
BT2S-41,BT2 WELLHEAD SHELTERS 41
BT2S-42,BT2 WELLHEAD SHELTERS 42
BT2S-43,BT2 WELLHEAD SHELTERS 43
BT2S-44,BT2 WELLHEAD SHELTERS 44
BT2S-45,BT2 WELLHEAD SHELTERS 45
BT2S-46,BT2 WELLHEAD SHELTERS 46
BT2S-47,BT2 WELLHEAD SHELTERS 47
BT2S-48,BT2 WELLHEAD SHELTERS 48
BT2S-49,BT2 WELLHEAD SHELTERS 49
BT2S-50,BT2 WELLHEAD SHELTERS 50
BT2S-51,BT2 WELLHEAD SHELTERS 51
BT2S-52,BT2 WELLHEAD SHELTERS 52
BT2S-53,BT2 WELLHEAD SHELTERS 53
BT2S-54,BT2 WELLHEAD SHELTERS 54
BT2S-55,BT2 WELLHEAD SHELTERS 55
BT2S-56,BT2 WELLHEAD SHELTERS 56
BT2S-57,BT2 WELLHEAD SHELTERS 57
BT2S-58,BT2 WELLHEAD SHELTERS 58
BT2S-59,BT2 WELLHEAD SHELTERS 59
BT2S-60,BT2 WELLHEAD SHELTERS 60
BT2S-61,BT2 WELLHEAD SHELTERS 61
BT2S-62,BT2 WELLHEAD SHELTERS 62
BT2V,BT2 VALVE STATION
BT2W,BT2 WASHROOMS
BT2Y,BT2 TRUCK TRANSFER LOADING AREA
BT30,BT3 MULTI MOD
BT3A,BT3 GENERAL
BT3A-IW1,BT3 INJECTOR WELL (TYP. 30)
BT3A-PW1,BT3 PRODUCER WELL (TYP. 30)
BT3C,BT3C DOWNHOLE HEAT TRACING CABINETS PLATFORM
BT3C-01,BT3 DOWNHOLE HEAT TRACING CABINETS PLATFORM
BT3C-02,BT3 DOWNHOLE HEAT TRACING CABINETS PLATFORM
BT3C-03,BT3 DOWNHOLE HEAT TRACING CABINETS PLATFORM
BT3C-04,BT3 DOWNHOLE HEAT TRACING CABINETS PLATFORM
BT3C-05,BT3 DOWNHOLE HEAT TRACING CABINETS PLATFORM
BT3C-06,BT3 DOWNHOLE HEAT TRACING CABINETS PLATFORM
BT3C-07,BT3 DOWNHOLE HEAT TRACING CABINETS PLATFORM
BT3C-08,BT3 DOWNHOLE HEAT TRACING CABINETS PLATFORM
BT3C-09,BT3 DOWNHOLE HEAT TRACING CABINETS PLATFORM
BT3C-10,BT3 DOWNHOLE HEAT TRACING CABINETS PLATFORM
BT3C-11,BT3 DOWNHOLE HEAT TRACING CABINETS PLATFORM
BT3C-12,BT3 DOWNHOLE HEAT TRACING CABINETS PLATFORM
BT3C-13,BT3 DOWNHOLE HEAT TRACING CABINETS PLATFORM
BT3C-14,BT3 DOWNHOLE HEAT TRACING CABINETS PLATFORM
BT3C-15,BT3 DOWNHOLE HEAT TRACING CABINETS PLATFORM
BT3H,BT3 TELECOM TOWER
BT3I,BT3 INTERCONNECTS
BT3M,BT3 DRILLSITE MODULE
BT3M-ST1,BT3 MANIFOLD MODULE - 3 STAIRTOWER 1
BT3M-ST2,BT3 MANIFOLD MODULE - 3 STAIRTOWER 2
BT3P,BT3 PIPERACKS
BT3P-01,BT3 PIPERACK MODULE 01
BT3P-02,BT3 PIPERACK MODULE 02
BT3P-03,BT3 PIPERACK MODULE 03
BT3P-04,BT3 PIPERACK MODULE 04
BT3P-05,BT3 PIPERACK MODULE 05
BT3P-06,BT3 PIPERACK MODULE 06
BT3P-07,BT3 PIPERACK MODULE 07
BT3P-08,BT3 PIPERACK MODULE 08
BT3S,BT3 WELLHEAD SHELTERS
BT3S-01,BT3 WELLHEAD SHELTERS 01
BT3S-02,BT3 WELLHEAD SHELTERS 02
BT3S-03,BT3 WELLHEAD SHELTERS 03
BT3S-04,BT3 WELLHEAD SHELTERS 04
BT3S-05,BT3 WELLHEAD SHELTERS 05
BT3S-06,BT3 WELLHEAD SHELTERS 06
BT3S-07,BT3 WELLHEAD SHELTERS 07
BT3S-08,BT3 WELLHEAD SHELTERS 08
BT3S-09,BT3 WELLHEAD SHELTERS 09
BT3S-10,BT3 WELLHEAD SHELTERS 10
BT3S-11,BT3 WELLHEAD SHELTERS 11
BT3S-12,BT3 WELLHEAD SHELTERS 12
BT3S-13,BT3 WELLHEAD SHELTERS 13
BT3S-14,BT3 WELLHEAD SHELTERS 14
BT3S-15,BT3 WELLHEAD SHELTERS 15
BT3S-16,BT3 WELLHEAD SHELTERS 16
BT3S-17,BT3 WELLHEAD SHELTERS 17
BT3S-18,BT3 WELLHEAD SHELTERS 18
BT3S-19,BT3 WELLHEAD SHELTERS 19
BT3S-20,BT3 WELLHEAD SHELTERS 20
BT3S-21,BT3 WELLHEAD SHELTERS 21
BT3S-22,BT3 WELLHEAD SHELTERS 22
BT3S-23,BT3 WELLHEAD SHELTERS 23
BT3S-24,BT3 WELLHEAD SHELTERS 24
BT3S-25,BT3 WELLHEAD SHELTERS 25
BT3S-26,BT3 WELLHEAD SHELTERS 26
BT3S-27,BT3 WELLHEAD SHELTERS 27
BT3S-28,BT3 WELLHEAD SHELTERS 28
BT3S-29,BT3 WELLHEAD SHELTERS 29
BT3S-30,BT3 WELLHEAD SHELTERS 30
BT3S-31,BT3 WELLHEAD SHELTERS 31
BT3S-32,BT3 WELLHEAD SHELTERS 32
BT3S-33,BT3 WELLHEAD SHELTERS 33
BT3S-34,BT3 WELLHEAD SHELTERS 34
BT3S-35,BT3 WELLHEAD SHELTERS 35
BT3S-36,BT3 WELLHEAD SHELTERS 36
BT3S-37,BT3 WELLHEAD SHELTERS 37
BT3S-38,BT3 WELLHEAD SHELTERS 38
BT3S-39,BT3 WELLHEAD SHELTERS 39
BT3S-40,BT3 WELLHEAD SHELTERS 40
BT3S-41,BT3 WELLHEAD SHELTERS 41
BT3S-42,BT3 WELLHEAD SHELTERS 42
BT3S-43,BT3 WELLHEAD SHELTERS 43
BT3S-44,BT3 WELLHEAD SHELTERS 44
BT3S-45,BT3 WELLHEAD SHELTERS 45
BT3S-46,BT3 WELLHEAD SHELTERS 46
BT3S-47,BT3 WELLHEAD SHELTERS 47
BT3S-48,BT3 WELLHEAD SHELTERS 48
BT3S-49,BT3 WELLHEAD SHELTERS 49
BT3S-50,BT3 WELLHEAD SHELTERS 50
BT3S-51,BT3 WELLHEAD SHELTERS 51
BT3S-52,BT3 WELLHEAD SHELTERS 52
BT3S-53,BT3 WELLHEAD SHELTERS 53
BT3S-54,BT3 WELLHEAD SHELTERS 54
BT3S-55,BT3 WELLHEAD SHELTERS 55
BT3S-56,BT3 WELLHEAD SHELTERS 56
BT3S-57,BT3 WELLHEAD SHELTERS 57
BT3S-58,BT3 WELLHEAD SHELTERS 58
BT3S-59,BT3 WELLHEAD SHELTERS 59
BT3S-60,BT3 WELLHEAD SHELTERS 60
BT3V,BT3 VALVE STATION
BT3W,BT3 WASHROOMS
BT3Y,BT3 TRUCK TRANSFER LOADING AREA
BT60,BT6 MULTI MOD
BT6A,BT6 GENERAL
BT6I,BT6 INTERCONNECTS
BT6M,BT6 DRILLSITE MODULE
BT6P,BT6 PIPERACKS
BT6S,BT6 WELLHEAD SHELTERS
BT6V,BT6 VALVE STATION
BT6W,BT6 WASHROOMS
BT6Y,BT6 TRUCK TRANSFER LOADING AREA
CD00,MIGI – GENERAL
CD4L,CD MIGI SALES OIL & SEAWATER
CF00,ALPINE ALP – GENERAL
CFB3,ALPINE ALP – ULSD PIGGING MODULE
CFB4,ALPINE ALP – SALES OIL SURGE DRUM
CFG6,ALPINE ALP – ULSD & CHEM STORAGE TANKS
CP01,CATHODIC PROTECTION MODULE
FC00,FISH CREEK CROSSING
FCN1,NORTH FISH CREEK CROSSING VALVE STATION
FCS1,SOUTH FISH CREEK CROSSING VALVE STATION
JC00,JUDY CREEK CROSSING - GENERAL
JCN1,NORTH JUDY CREEK CROSSING VALVE STATION
JCS1,SOUTH JUDY CREEK CROSSING VALVE STATION
KP00,KUUKPIK GENERAL
KPG1,KUUKPIK BULK STORAGE TANK AREA
KPG2,KUUKPIK LIQUID STORAGE TANK SKID NUMBER 1
KPG3,KUUKPIK LIQUID STORAGE TANK SKID NUMBER 2
KPG4,KUUKPIK SEAWATER TANK SKID
KPJ1,KUUKPIK BAG HOPPER BLDG
KPJ2,KUUKPIK WARM UP TENT
KPM1,KUUKPIK UTILITY CORRIDOR ASSEMBLY NUMBER 1
KPM2,KUUKPIK UTILITY CORRIDOR ASSEMBLY NUMBER 2
KPM3,KUUKPIK MOTOR CONTROL CENTER AND AIR COMPRESSOR BUILDING
KPM4,KUUKPIK TRUCK TRANSFER LOADING BUILDING
KPS1,KUUKPIK INTERCONNECT PIPE
KPV1,KUUKPIK SEAWATER VALVE STATION
MT7M,GMT2 DS7 GAS METERING & LETDOWN
WF00,WCF GENERAL
WFA1,WCF PRODUCTION MODULE
WFA1-ST1,WCF PRODUCTION MODULE - STAIRTOWER 1
WFA1-ST2,WCF PRODUCTION MODULE - STAIRTOWER 2
WFA2,WCF EXPORT MODULE
WFA2-01,WCF EXPORT MODULE SCRUBBER PORCH
WFA3,WCF HYBRID MODULE WEST
WFB1,WCF HP COMPRESSION MODULE
WFB1-ST1,WCF HP COMPRESSION MODULE - STAIRTOWER 1
WFB1-ST2,WCF HP COMPRESSION MODULE - STAIRTOWER 2
WFB2,WCF LP COMPRESSION MODULE
WFB2-ST1,WCF LP COMPRESSION MODULE – STAIRTOWER 1
WFB2-ST2,WCF LP COMPRESSION MODULE – STAIRTOWER 2
WFB3,WCF HYBRID MODULE EAST
WFD1,WCF HP FLARESTACK
WFD2,WCF LP FLARESTACK
WFD3,WCF FLARE AIR ASSIST BLOWER AND PLATFORM
WFE1,WCF POWER GEN MODULE
WFE1-ST1,WCF POWER GEN MODULE - STAIRTOWER 1
WFE1-ST2,WCF POWER GEN MODULE - STAIRTOWER 2
WFF1,WCF FIRED HEATER
WFF2,WCF START-UP HEATER
WFF3,WCF FUEL GAS CONDITIONING MODULE
WFG1,WCF TANK FARM
WFG1-BM1,WCF DIVERT TANKS - PUMPS AND MODULE
WFG2,WCF CHEMICAL INJ MODULE
WFG2-ST1,WCF CHEMICAL INJ MODULE - STAIRTOWER 1
WFG2-ST2,WCF CHEMICAL INJ MODULE - STAIRTOWER 2
WFG3,WCF CHEMICAL SECONDARY CONTAINMENT AREA
WFP1,WCF PIPERACKS
WFP1-01,WCF PIPERACK MODULE 01
WFP1-02,WCF PIPERACK MODULE 02
WFP1-03,WCF PIPERACK MODULE 03
WFP1-04,WCF PIPERACK MODULE 04
WFP1-05,WCF PIPERACK MODULE 05
WFP1-06,WCF PIPERACK MODULE 06
WFP1-07,WCF PIPERACK MODULE 07
WFP1-08,WCF PIPERACK MODULE 08
WFP1-09,WCF PIPERACK MODULE 09
WFP1-10,WCF PIPERACK MODULE 10
WFP1-11,WCF PIPERACK MODULE 11
WFP1-12,WCF PIPERACK MODULE 12
WFP1-12A,WCF BELOW GRADE PIPEWAY 12A
WFP1-12B,WCF BELOW GRADE PIPEWAY 12B
WFP1-13,WCF PIPERACK MODULE 13
WFP1-14,WCF PIPERACK MODULE 14
WFP1-15,WCF PIPERACK MODULE 15
WFP1-16,WCF PIPERACK MODULE 16
WFP1-17,WCF PIPERACK MODULE 17
WFP1-18,WCF PIPERACK MODULE 18
WFP1-19,WCF PIPERACK MODULE 19
WFP1-20,WCF PIPERACK MODULE 20
WFP1-21,WCF PIPERACK MODULE 21
WFP1-22,WCF PIPERACK MODULE 22
WFP1-23,WCF PIPERACK MODULE 23
WFP1-24,WCF PIPERACK MODULE 24
WFT1,WCF HYBRID UTILITY MODULE
WFT1-01,WCF UTILITY MODULE-TANK PORCH 01
WFT1-02,WCF UTILITY MODULE-TANK PORCH 02
WFT1-03,WCF UTILITY MODULE-TANK PORCH 03
WFT1-04,WCF UTILITY MODULE-TANK PORCH 04
WFT1-05,WCF UTILITY MODULE-TANK PORCH 05
WFT1-ST1,WCF UTILITY MODULE – STAIRTOWER 1
WFT1-ST2,WCF UTILITY MODULE – STAIRTOWER 2
WFT2,WCF UTILITY MODULE
WFT3,WCF UTILITY TANK MODULE
WFU1,WCF COND STABIL MODULE
WFU2,WCF ULSD MODULE
WFV1,WCF VALVE STATION 1 (PIPELINE ISOLATION)
WFV2,WCF VALVE STATION 2 (PIPELINE ISOLATION)
WFW1,WCF WASHROOMS
WFXX,WILLOW GENERAL
WFY1,WCF TRUCK TRANSFER LOADING AREA
WFY1-TLS,WCF TRUCK TRANSFER LOADING STATION
WFY2,WCF TRUCK TRANSFER LOADING AREA
WFY2-TLS,WCF TRUCK TRANSFER LOADING STATION
WFZ0,WCF FIRE SUPPRESSION
WFZ1,WCF FIRE WATER PUMP HOUSE
WGA1,AIRPORT/RUNWAY AREA
WGA2,HELICOPTER FUEL MODULE
WGA3,AIRPORT POWER DISTRIBUTION PLATFORM
WGA4,AIRSTRIP SUPPORT BUILDING
WGA5,AIR TRAFFIC ADVISORY CENTER (ATAC)
WGA6,RUNWAY 4 MALSR & MALSR SHELTER
WGA7,RUNWAY 4 PAPI & WEATHER PLATFORM & ACCESS PAD
WGA8,RUNWAY 22 MALSR & MALSR SHELTER
WGA9,RUNWAY 22 PAPI & WEATHER PLATFORM & ACCESS PAD
WGD1,POWER GENERATION - WOC DIESEL GENERATOR MODULE 01
WGD2,POWER GENERATION - WOC DIESEL GENERATOR MODULE 02
WGE1,POWER GENERATION - WOC DIESEL GENERATOR MODULE
WGF2,WOC FUEL STORAGE TANKS CONTAINMENT AREA
WGF3,WOC FUEL STORAGE PUMP MODULE
WGF3-01,WOC FUEL STORAGE PUMP MODULE
WGF3-02,WOC FUEL STORAGE PUMP MODULE
WGF4,WOC FIRE STATION EMERGENCY RESPONSE CENTER
WGF5,WOC FIRE STATION ERC EMERGENCY STORAGE AREAS
WGG1,WOC DRILLING CEMENT TANK FARM
WGH1,WOC TELECOM MODULE
WGH2,WOC TELECOMS TOWER
WGJ1,WOC WAREHOUSE/MAINTENANCE SHOP
WGJ1-P1,WOC WAREHOUSE/MAINTENANCE SHOP PARKING AREA
WGJ2,WOC FLEET MAINTENANCE SHOP
WGJ3,WOC DRILLING CHEMICAL STORAGE BUILDING
WGJ3-P1,WOC DRILLING CHEMICAL BUILDING #1 PARKING AREA
WGJ4,WOC CEMENT PLANT
WGJ5,WOC O&M STORAGE BUILDING
WGJ7,WOC CHEMICAL STORAGE BUILDING
WGK2,WOC SOLID WASTE INCINERATOR BUILDING
WGK4,WOC DRY PROPPANT STORAGE BUILDING #1
WGK5,WOC DRY PROPPANT STORAGE BUILDING #2
WGK6,WOC DRY PROPPANT STORAGE BUILDING #3
WGK7,WOC DRY PROPPANT STORAGE BUILDING #4
WGK8,WOC LABORATORY BUILDING
WGL0,WOC WILLOW PERMANENT CAMP
WGL1,WATER TREATMENT – SEALIFT MODULE
WGL2,WASTEWATER TREATMENT – SEALIFT MODULE
WGL3,FUEL TANK TTLA PUMPHOUSE – SEALIFT MODULE
WGL4,WASTE INJECTION FACILITY (WIF) – SEALIFT MODULE
WGL7,INJECTION LIQUIDS FACILITY (ILF) – SEALIFT MODULE
WGL8,WASTE INJECTION FACILITY (WIF) TTLA PUMP – SEALIFT MODULE
WGL9,REIM – SEALIFT MODULE
WGM1,WOC FRESH WATER TREATEMENT MODULE
WGM1-01,WOC FRESH WATER TREATEMENT MODULE
WGM1-02,WOC FRESH WATER TREATEMENT MODULE
WGM2,WOC WASTEWATER TREATMENT MODULE
WGM2-01,WOC WASTEWATER TREATMENT MODULE
WGM2-02,WOC WASTEWATER TREATMENT MODULE
WGM2-03,WOC WASTEWATER TREATMENT MODULE
WGM2-04,WOC WASTEWATER TREATMENT MODULE
WGM2-05,WOC WASTEWATER TREATMENT MODULE
WGM2-06,WOC WASTEWATER TREATMENT MODULE
WGM3,WOC CONTAINMENT AREA
WGM4,WOC WASTE INJECTION FACILITY MODULE AREA
WGM4-01,WOC WASTE INJECTION FACILITY MODULE AREA
WGM4-02,WOC WASTE INJECTION FACILITY MODULE AREA
WGM4-03,WOC WASTE INJECTION FACILITY MODULE AREA
WGM4-04,WOC WASTE INJECTION FACILITY MODULE AREA
WGM5,WOC POTABLE AND RAW WATER PUMPHOUSE MODULE
WGM6,WOC INJECTED LIQUID CONTAINMENT AREA
WGM7,WOC INJECTED LIQUID FACILITY
WGM7-01,WOC WASTE FLUID INJECTION
WGM7-02,WOC WASTE FLUID INJECTION
WGM7-03,WOC WASTE FLUID INJECTION
WGM7-04,WOC WASTE FLUID INJECTION
WGM7-05,WOC WASTE FLUID INJECTION
WGM8,WOC POWER GENERATION MODULE AREA
WGM8-01,WOC POWER GENERATION MODULE AREA
WGM8-01A,WOC STANDBY DIESEL GENERATOR 1
WGM8-01B,WOC STANDBY DIESEL GENERATOR 2
WGM8-02,WOC POWER GENERATION MODULE AREA
WGM8-03,WOC POWER GENERATION MODULE AREA
WGM9,WOC REIM MODULE AREA
WGMS,WOC DRILLING SLOT WELLHEAD SHELTER
WGMX,WOC UTILITY AREA WATER STORAGE CONTAINMENT AREA
WGP1,WOC PIPEWAY
WGPT,POTABLE WATER TANK / RE-USE TANK AREA
WGR1,WOC CFWR PUMPHOUSE
WGR1-01,WOC CFWR PUMPHOUSE - 01
WGR2,WOC CFWR INTERCONNECTS
WGRT,RAW WATER TANK AREA
WGS1,WOC INTERCONNECTS
WGT1,WOC WILLOW TEMPORARY CAMP
WGT2,WOC WILLOW CONSTRUCTION CAMP
WGT3,WOC TEMPORARY POWER GENERATION AREA
WGT4,WOC TEMPORARY DRILLING CAMP #1
WGT5,WOC TEMPORARY DRILLING CAMP #2
WGV1,WOC VALVE STATION
WGV2,WOC CFWR VALVE STATION
WGXX,WOC GENERAL
WGXX-S01,WOC GENERAL STORAGE UNIT 01
WGXX-S02,WOC GENERAL STORAGE UNIT 02
WGXX-S03,WOC GENERAL STORAGE UNIT 03
WGXX-S04,WOC GENERAL STORAGE UNIT 04
WGXX-S05,WOC GENERAL STORAGE UNIT 05
WGXX-S06,WOC GENERAL STORAGE UNIT 06
WGXX-S07,WOC GENERAL STORAGE UNIT 07
WGXX-S08,WOC GENERAL STORAGE UNIT 08
WGXX-S09,WOC GENERAL STORAGE UNIT 09
WGXX-S10,WOC GENERAL STORAGE UNIT 10
WGXX-S11,WOC GENERAL STORAGE UNIT 11
WGXX-S12,WOC GENERAL STORAGE UNIT 12
WGXX-S13,WOC GENERAL STORAGE UNIT 13
WGXX-S14,WOC GENERAL STORAGE UNIT 14
WGXX-S15,WOC GENERAL STORAGE UNIT 15
WGXX-S16,WOC GENERAL STORAGE UNIT 16
WGXX-S17,WOC GENERAL STORAGE UNIT 17
WGXX-S18,WOC GENERAL STORAGE UNIT 18
WGY1,WOC TRUCK TRANSFER LOADING/UNLOADING AREA (WATER TREATMENT)
WGY2,WOC TRUCK TRANSFER UNLOADING AREA (BULK CEMENT)
WGY3,WOC TRUCK TRANSFER LOADING/UNLOADING AREA (FUEL STORAGE)
WGY4,WOC TRUCK TRANSFER LOADING AREA (WASTE INJECTION FACILITY)
WGZ1,WOC FIREWATER PUMP HOUSE
WGZ2,WOC FIREWATER RING MAIN HYDRANTS AND MONITORS
WGZT,FIREWATER TANK AREA
WL00,KUPARUK CPF2 – GENERAL
WL90,KUPARUK CPF2 – ULSD PUMP MODULE
WL91,KUPARUK CPF2 – ULSD STORAGE TANK SKID
WL92,KUPARUK CPF2 – SEAWATER TRANSFER PUMP MODULE
WP00,WILLOW PIPELINES GENERAL
WP01,WILLOW PIPELINES
